year,total,primary,secondary,tertiary,primary_pct,secondary_pct,tertiary_pct
1952,20729,17317,1531,1881,83.5,7.4,9.1
1957,23771,19309,2142,2320,81.2,9.0,9.8
1962,25910,21276,2059,2575,82.1,8.0,9.9
1965,28670,23396,2408,2866,81.6,8.4,10.0
1970,34432,27811,3518,3103,80.8,10.2,9.0
1975,38168,29456,5152,3560,77.2,13.5,9.3
1978,40152,28318,6945,4890,70.5,17.3,12.2
1979,41024,28634,7214,5177,69.8,17.6,12.6
1980,42361,29122,7707,5532,68.7,18.2,13.1
1981,43725,29777,8003,5945,68.1,18.3,13.6
1982,45295,30859,8346,6090,68.1,18.4,13.5
1983,46436,31151,8679,6606,67.1,18.7,14.2
1984,48197,30868,9590,7739,64.0,19.9,16.1
1985,49873,31130,10384,8359,62.4,20.8,16.8
1986,51282,31254,11216,8811,60.9,21.9,17.2
1987,52783,31663,11726,9395,60.0,22.2,17.8
1988,54334,32249,12152,9933,59.3,22.4,18.3
1989,55329,33225,11976,10129,60.1,21.6,18.3
1990,64749,38914,13856,11979,60.1,21.4,18.5
1991,65491,39098,14015,12378,59.7,21.4,18.9
1992,66152,38699,14355,13098,58.5,21.7,19.8
1993,66808,37680,14965,14163,56.4,22.4,21.2
1994,67455,36628,15312,15515,54.3,22.7,23.0
1995,68065,35530,15655,16880,52.2,23.0,24.8
1996,68950,34820,16203,17927,50.5,23.5,26.0
1997,69820,34840,16547,18432,49.9,23.7,26.4
1998,70637,35177,16600,18860,49.8,23.5,26.7
1999,71394,35768,16421,19205,50.1,23.0,26.9
2000,72085,36043,16219,19823,50.0,22.5,27.5
2001,72797,36399,16234,20165,50.0,22.3,27.7
2002,73280,36640,15682,20958,50.0,21.4,28.6
2003,73736,36204,15927,21605,49.1,21.6,29.3
2004,74264,34830,16709,22725,46.9,22.5,30.6
2005,74647,33442,17766,23439,44.8,23.8,31.4
2006,74978,31941,18894,24143,42.6,25.2,32.2
2007,75321,30731,20186,24404,40.8,26.8,32.4
2008,75564,29923,20553,25087,39.6,27.2,33.2
2009,75828,28890,21080,25857,38.1,27.8,34.1
2010,76105,27931,21842,26332,36.7,28.7,34.6
2011,76196,26472,22539,27185,34.7,29.6,35.7
2012,76254,25535,23226,27493,33.5,30.4,36.1
2013,76301,23838,23142,29321,31.3,30.3,38.4
2014,76349,22372,23057,30920,29.3,30.2,40.5
2015,76320,21418,22644,32258,28.0,29.7,42.3
2016,76245,20908,22295,33042,27.4,29.3,43.3
2017,76058,20295,21762,34001,26.7,28.6,44.7
2018,75782,19515,21356,34911,25.7,28.2,46.1
2019,75447,18652,21234,35561,24.7,28.2,47.1
2020,75064,17715,21543,35806,23.6,28.7,47.7
2021,74652,17072,21712,35868,22.9,29.1,48.0
2022,73351,17663,21105,34583,24.1,28.8,47.1
2023,74041,16882,21520,35639,22.8,29.1,48.1
2024,73439,16298,21275,35866,22.2,29.0,48.8
